Datetime,Water Level (m)
2026-09-07 00:00:00,0.5049755
2026-09-07 01:00:00,0.82206637
2026-09-07 02:00:00,1.0265043
2026-09-07 03:00:00,1.1161207
2026-09-07 04:00:00,1.0448916
2026-09-07 05:00:00,0.8377171
2026-09-07 06:00:00,0.5706191
2026-09-07 07:00:00,0.32274243
2026-09-07 08:00:00,0.11834469
2026-09-07 09:00:00,-0.04639409
2026-09-07 10:00:00,-0.15876135
2026-09-07 11:00:00,-0.12361359
2026-09-07 12:00:00,0.18810955
2026-09-07 13:00:00,0.53711045
2026-09-07 14:00:00,0.7973611
2026-09-07 15:00:00,0.9278073
2026-09-07 16:00:00,0.9096238
2026-09-07 17:00:00,0.73563886
2026-09-07 18:00:00,0.49017173
2026-09-07 19:00:00,0.24931528
2026-09-07 20:00:00,0.044769645
2026-09-07 21:00:00,-0.12014169
2026-09-07 22:00:00,-0.24428423
2026-09-07 23:00:00,-0.25213453
2026-09-08 00:00:00,0.07058442
2026-09-08 01:00:00,0.52303755
2026-09-08 02:00:00,0.9291757
2026-09-08 03:00:00,1.2253078
2026-09-08 04:00:00,1.3440151
2026-09-08 05:00:00,1.2154328
2026-09-08 06:00:00,0.9468995
2026-09-08 07:00:00,0.6321872
2026-09-08 08:00:00,0.35357067
2026-09-08 09:00:00,0.12349247
2026-09-08 10:00:00,-0.06455849
2026-09-08 11:00:00,-0.20233719
2026-09-08 12:00:00,-0.18800658
2026-09-08 13:00:00,0.17795707
2026-09-08 14:00:00,0.6033719
2026-09-08 15:00:00,0.93878645
2026-09-08 16:00:00,1.1473676
2026-09-08 17:00:00,1.1595067
2026-09-08 18:00:00,0.9509381
2026-09-08 19:00:00,0.6457213
2026-09-08 20:00:00,0.35181558
2026-09-08 21:00:00,0.10479065
2026-09-08 22:00:00,-0.10391151
2026-09-08 23:00:00,-0.27132806
2026-09-09 00:00:00,-0.3204976
2026-09-09 01:00:00,0.052831724
2026-09-09 02:00:00,0.57970834
2026-09-09 03:00:00,1.0489662
2026-09-09 04:00:00,1.4083447
2026-09-09 05:00:00,1.4931797
2026-09-09 06:00:00,1.3090436
2026-09-09 07:00:00,0.9915068
2026-09-09 08:00:00,0.6557371
2026-09-09 09:00:00,0.35939947
2026-09-09 10:00:00,0.10968033
2026-09-09 11:00:00,-0.096508645
2026-09-09 12:00:00,-0.25651988
2026-09-09 13:00:00,-0.24396291
2026-09-09 14:00:00,0.24165589
2026-09-09 15:00:00,0.7466162
2026-09-09 16:00:00,1.1547073
2026-09-09 17:00:00,1.410327
2026-09-09 18:00:00,1.3247474
2026-09-09 19:00:00,1.0261488
2026-09-09 20:00:00,0.67702883
2026-09-09 21:00:00,0.36606723
2026-09-09 22:00:00,0.106060855
2026-09-09 23:00:00,-0.11254696
2026-09-10 00:00:00,-0.2851969
2026-09-10 01:00:00,-0.31337053
2026-09-10 02:00:00,0.15886483
2026-09-10 03:00:00,0.73595786
2026-09-10 04:00:00,1.2649208
2026-09-10 05:00:00,1.603351
2026-09-10 06:00:00,1.6050081
2026-09-10 07:00:00,1.3244038
2026-09-10 08:00:00,0.95934355
2026-09-10 09:00:00,0.607742
2026-09-10 10:00:00,0.3033221
2026-09-10 11:00:00,0.053924616
2026-09-10 12:00:00,-0.15556668
2026-09-10 13:00:00,-0.30338308
2026-09-10 14:00:00,-0.13334608
2026-09-10 15:00:00,0.44608644
2026-09-10 16:00:00,0.98762476
2026-09-10 17:00:00,1.4308381
2026-09-10 18:00:00,1.5721853
2026-09-10 19:00:00,1.3639712
2026-09-10 20:00:00,1.0174254
2026-09-10 21:00:00,0.65555584
2026-09-10 22:00:00,0.34183532
2026-09-10 23:00:00,0.07875494
2026-09-11 00:00:00,-0.14130433
2026-09-11 01:00:00,-0.30700386
2026-09-11 02:00:00,-0.25473878
2026-09-11 03:00:00,0.34253535
2026-09-11 04:00:00,0.95115227
2026-09-11 05:00:00,1.4901994
2026-09-11 06:00:00,1.7230148
2026-09-11 07:00:00,1.5857015
2026-09-11 08:00:00,1.2334291
2026-09-11 09:00:00,0.85852396
2026-09-11 10:00:00,0.5113383
2026-09-11 11:00:00,0.22881883
2026-09-11 12:00:00,-0.006244467
2026-09-11 13:00:00,-0.20221809
2026-09-11 14:00:00,-0.28678912
2026-09-11 15:00:00,0.15008995
2026-09-11 16:00:00,0.7522332
2026-09-11 17:00:00,1.3119836
2026-09-11 18:00:00,1.6725168
2026-09-11 19:00:00,1.6396791
2026-09-11 20:00:00,1.3472983
2026-09-11 21:00:00,0.9712916
2026-09-11 22:00:00,0.6096661
2026-09-11 23:00:00,0.30259869
2026-09-12 00:00:00,0.056070466
2026-09-12 01:00:00,-0.14405988
2026-09-12 02:00:00,-0.27269265
2026-09-12 03:00:00,0.023183715
2026-09-12 04:00:00,0.65885437
2026-09-12 05:00:00,1.237228
2026-09-12 06:00:00,1.6805586
2026-09-12 07:00:00,1.728789
2026-09-12 08:00:00,1.4545314
2026-09-12 09:00:00,1.084438
2026-09-12 10:00:00,0.7148692
2026-09-12 11:00:00,0.39473563
2026-09-12 12:00:00,0.12378881
2026-09-12 13:00:00,-0.100894235
2026-09-12 14:00:00,-0.2702738
2026-09-12 15:00:00,-0.1885278
2026-09-12 16:00:00,0.40224004
2026-09-12 17:00:00,0.99599004
2026-09-12 18:00:00,1.5134548
2026-09-12 19:00:00,1.7002825
2026-09-12 20:00:00,1.5096476
2026-09-12 21:00:00,1.1485647
2026-09-12 22:00:00,0.7718783
2026-09-12 23:00:00,0.43681914
2026-09-13 00:00:00,0.15931825
